avg_sentiment,max_comment_escalation,num_issues_open_by_due,median_issue_resolution_time,planned_duration_days,num_issues_total,fraction_negative_comments,avg_uncertainty_score,closure_ratio,milestone_delayed
56,0.819516412,10,6.628631237,30,0.004920868,0.099722014,0.199143994,0.050044976,0
19,0.809675013,3,9.928445074,26,0.004987089,0.099988869,0.200080648,0.050036036,0
76,0.841541675,12,6.909653599,35,0.005216943,0.100218857,0.199844014,0.049743002,1
65,0.826556004,11,7.777654055,12,0.005335943,0.099656658,0.199478417,0.049778902,1
25,0.696908115,7,9.379169142,47,0.004450469,0.100226491,0.200067138,0.049487705,1
79,0.805045221,15,10.68325678,34,0.004593958,0.100120409,0.200061967,0.049924775,1
79,0.828407969,13,6.63095823,26,0.004514624,0.09960032,0.200911174,0.050235722,1
28,0.595065073,11,7.282538325,23,0.005706224,0.100087919,0.200411851,0.050406299,1
7,0.717114677,1,7.030069907,21,0.004939865,0.100146259,0.200130184,0.049926566,1
26,0.822973667,4,5.372203107,33,0.005008065,0.0997496,0.199431491,0.050147501,0
57,0.955115099,2,4.69265433,35,0.005028887,0.099781087,0.199355937,0.049143203,0
6,0.848988022,0,1,26,0.004642165,0.099596632,0.200359309,0.049870122,1
34,0.962685358,1,3.770017196,36,0.005782135,0.0998204,0.199879958,0.049863091,0
42,0.702195193,12,1.6641075,20,0.005205513,0.099995167,0.200149619,0.05044735,0
6,0.780022859,1,10.76559545,19,0.005019795,0.099782191,0.2005868,0.05011788,0
68,0.846688236,10,7.565248025,42,0.004447372,0.099406045,0.199092117,0.050148277,1
64,0.470837794,33,6.622183081,32,0.004419034,0.099724565,0.200838221,0.050132698,1
25,0.931296386,1,4.847544442,39,0.004845546,0.099833083,0.200581629,0.050013633,1
37,0.526690814,17,7.08933779,21,0.004650004,0.100326735,0.198767336,0.05045971,1
62,0.869632808,8,4.456060367,20,0.004466278,0.100237906,0.201411855,0.049308416,1
26,0.832419815,4,7.52205567,25,0.004814521,0.100334488,0.200192826,0.050043863,1
53,0.46924884,28,7.737201949,21,0.004891786,0.099704392,0.199712877,0.050338941,1
63,0.475312649,33,4.415848893,33,0.005070893,0.10005662,0.200311437,0.049432582,0
46,0.92189783,3,4.358614106,21,0.00474804,0.099030781,0.199413515,0.050251375,1
64,0.895766647,6,9.886598064,18,0.0044962,0.100171568,0.200327677,0.049771651,1
19,0.644296363,6,6.841420137,29,0.00451354,0.100244359,0.199523902,0.050032945,1
66,0.644174533,23,4.656938712,17,0.005606486,0.09985935,0.201212216,0.049765892,1
66,0.811512597,12,5.888481095,13,0.004374121,0.100118172,0.20003606,0.050287746,0
51,0.748470702,12,3.96821774,29,0.005181591,0.09939403,0.200389894,0.049913491,0
66,0.876527426,8,6.798449258,14,0.005259773,0.099679573,0.199528361,0.050253739,0
55,0.807549711,10,9.494884923,34,0.004939362,0.10030618,0.200489898,0.050130599,0
59,0.939963695,3,6.916987997,16,0.005883915,0.100204501,0.199992452,0.049761862,0
68,0.866409333,9,14.09090033,12,0.005250859,0.099835258,0.199152889,0.050150558,1
7,0.836492766,1,8.264078704,25,0.005921452,0.100324545,0.199856742,0.049800929,0
55,0.707745034,16,7.689863344,29,0.004674468,0.100055319,0.201158667,0.050019238,1
11,0.698961452,3,4.275093607,31,0.004683027,0.099798312,0.200515386,0.049908022,0
25,0.743788922,6,6.284399659,29,0.005263769,0.099926869,0.199772615,0.050269974,1
77,0.970913168,2,4.662958471,19,0.004869267,0.099817833,0.198878501,0.050162097,1
43,0.701247032,12,1,33,0.005842833,0.09952649,0.199500505,0.049990784,0
22,0.781263478,4,9.922786666,35,0.00517085,0.100502674,0.199156116,0.049794286,1
8,0.480623651,4,5.465648333,18,0.004477713,0.09977279,0.198892995,0.049619303,1
64,0.831097048,10,4.718799777,26,0.004131592,0.099667056,0.200471355,0.050040697,0
18,1,0,7.631710102,25,0.004960881,0.099388261,0.200037432,0.049810313,1
13,0.637963427,4,8.537498657,29,0.004955438,0.098945613,0.201077065,0.049436601,0
57,1,0,6.037675501,26,0.005156883,0.100280599,0.199401415,0.049600991,0
6,0.771868873,1,6.992194997,27,0.005605345,0.100317443,0.199998631,0.050487763,0
64,0.441248251,35,9.238562222,33,0.005539557,0.100477215,0.199163495,0.049802007,0
75,0.703735411,22,5.919419216,19,0.004710549,0.099940384,0.199643076,0.050324649,0
48,0.909652628,4,7.907001225,33,0.00435309,0.099871203,0.199866734,0.049893005,1
12,0.989918065,0,2.022266145,37,0.004382939,0.099796911,0.199775208,0.050371873,0
51,0.836171826,8,3.276043005,41,0.004631599,0.099833377,0.200032124,0.050350149,0
39,0.938111331,2,8.816619334,12,0.004816634,0.100447916,0.200582966,0.049752291,0
40,0.608665735,15,3.119324082,26,0.005152531,0.099989394,0.200519851,0.049403607,0
54,0.66836861,17,7.702412641,12,0.004599516,0.100151228,0.199538399,0.049429004,0
8,0.548464886,3,6.559003653,12,0.005140196,0.099823197,0.199981788,0.049757402,0
6,0.677392431,1,5.906598212,29,0.00518102,0.100528339,0.200476458,0.05056689,1
10,0.841430278,1,4.514611693,24,0.005071672,0.099238104,0.200621442,0.049876831,0
58,0.775518691,13,9.728020054,30,0.004435689,0.09951179,0.199603306,0.050043573,1
8,0.854141884,1,12.18967346,31,0.005233913,0.100151884,0.200424899,0.050391001,1
58,0.637618318,21,7.900576488,37,0.006040635,0.100700244,0.200198688,0.050033096,0
67,0.644936997,23,7.967472147,28,0.005122948,0.09990996,0.199360407,0.050022767,1
22,0.774553225,4,4.95300811,51,0.003523462,0.099663052,0.200480095,0.050186799,1
48,0.677682263,15,3.411708305,30,0.00562044,0.100400265,0.200090926,0.050086691,1
38,0.9062219,3,6.880783286,42,0.004648626,0.100129479,0.198955166,0.04997016,0
78,0.674709734,25,4.078751056,12,0.006132856,0.100516086,0.199823688,0.049783565,1
66,0.690553291,20,1.682169615,38,0.005058182,0.09948386,0.200023915,0.050023547,1
18,0.80026073,3,9.410337437,26,0.00415765,0.100484667,0.199636505,0.05032832,1
52,0.703285417,15,9.556500365,12,0.003967651,0.099380617,0.200736937,0.050534601,1
19,0.601806673,7,4.423483681,31,0.00576987,0.099884731,0.200758681,0.050087683,0
76,0.618077301,29,7.731892964,25,0.005552952,0.100165113,0.199770506,0.050226548,1
66,0.814531915,12,10.0058568,32,0.006113009,0.100074405,0.199704665,0.050080919,1
44,0.586954618,18,7.615080061,36,0.005005462,0.100424237,0.199921259,0.049973801,1
57,0.917659731,4,3.420536062,16,0.004971735,0.099269336,0.199879952,0.050154277,0
28,0.667152086,9,6.30131976,36,0.004808641,0.100056403,0.199644499,0.0503568,1
30,0.823945898,5,10.98042826,28,0.004670855,0.100479857,0.197774722,0.049734091,0
64,0.674350485,20,7.741079931,38,0.004803785,0.100023718,0.201052887,0.049564581,1
45,0.640171034,16,8.61739631,26,0.005108732,0.099543064,0.200000251,0.049840098,1
33,0.779532442,7,8.024887658,24,0.00457805,0.100403003,0.199893014,0.050063499,1
19,0.876214016,2,4.433465926,28,0.004165355,0.099740676,0.200195101,0.050260961,1
49,0.72031587,13,5.137464342,28,0.005079938,0.099670271,0.199951965,0.049703148,0
69,0.742142718,17,8.016595471,22,0.004566902,0.099619946,0.19974181,0.049253427,0
75,0.846890083,11,9.45061534,24,0.003380281,0.099920526,0.199396612,0.049847165,0
13,0.85086327,1,10.29971485,18,0.005276284,0.100073224,0.198896832,0.049941826,1
5,0.745380994,1,4.425683366,24,0.00444597,0.09949236,0.199187373,0.049651318,1
12,0.696782413,3,8.299361604,33,0.005330895,0.099574542,0.199329996,0.049773173,0
67,0.759918715,16,10.56113234,26,0.005318924,0.099722207,0.200390553,0.050260185,1
15,0.727090621,4,4.038754689,36,0.005141795,0.099618005,0.200434774,0.050023436,0
12,0.787556898,2,11.46024141,26,0.006248409,0.100014703,0.199470921,0.050103687,0
39,0.606687549,15,11.91682248,16,0.004930974,0.100144489,0.198401808,0.049893295,1
39,0.78326179,8,14.87525902,32,0.00485718,0.10008955,0.200005472,0.049773767,0
37,0.66380359,12,7.692800322,22,0.005341836,0.100090133,0.199747075,0.049891131,1
9,0.858706513,1,7.709274029,26,0.004972276,0.100668397,0.199732243,0.050149664,1
45,0.669303858,14,9.480983167,37,0.005580247,0.100169473,0.200573562,0.049552604,0
32,0.671386828,10,9.393408019,18,0.004365597,0.100313586,0.200083192,0.050495051,0
11,0.803447859,2,10.37910058,29,0.004373913,0.099834154,0.199414172,0.050172458,1
77,0.751705427,19,9.352099541,27,0.005382905,0.100377602,0.199276152,0.049839236,0
76,1,0,6.681814273,33,0.004417595,0.099815059,0.199842433,0.050244022,1
16,0.554483687,7,10.66599136,34,0.005304549,0.100164579,0.199456152,0.050366705,1
38,0.763182354,8,3.786237551,30,0.005185001,0.099451453,0.199956561,0.049900899,0
37,0.885557938,4,7.01755701,25,0.004652756,0.100066494,0.200615685,0.049935025,1
52,0.680602329,16,11.69120685,31,0.005183585,0.099609848,0.199172131,0.050448042,1
27,0.640733059,9,3.249260506,38,0.004382704,0.100374414,0.200052668,0.050635693,1
66,0.645496242,23,4.967573029,27,0.00450005,0.100350351,0.20054903,0.050008831,1
41,0.556564658,18,9.015241873,25,0.004881406,0.099813349,0.199948288,0.049652536,1
48,0.911964555,4,8.18173592,31,0.005039464,0.10081983,0.200432949,0.049858819,1
39,0.710445919,11,4.374923777,28,0.004848181,0.099885649,0.199827637,0.050309905,0
69,0.696236743,20,5.751417992,17,0.005216558,0.099355192,0.200102497,0.049690935,1
51,0.495108231,25,3.457653812,29,0.005194233,0.099688353,0.200264471,0.049937515,1
7,0.577954971,2,9.941454999,17,0.005764683,0.099582344,0.199656799,0.050087775,1
5,0.925846771,0,6.232355927,30,0.004952357,0.100151841,0.201194406,0.049723186,1
9,0.78637268,1,12.37646773,21,0.005597282,0.099505855,0.200346548,0.05032893,0
18,0.8899801,1,7.243300732,28,0.005460363,0.099784314,0.200781791,0.05020819,0
31,0.874799093,3,6.34077909,31,0.006146989,0.100125821,0.200642614,0.050602864,1
13,0.629925566,4,6.049534716,47,0.004936371,0.100055458,0.200196374,0.050234438,0
19,1,0,6.267400494,33,0.004789821,0.099994942,0.200831474,0.049711733,1
46,0.983967911,0,7.332463285,38,0.005628847,0.1000504,0.200112749,0.050159111,0
55,0.682348027,17,14.53722273,42,0.005192716,0.0998518,0.199562135,0.050296407,1
67,0.321815364,45,5.98342099,31,0.00564083,0.099358499,0.200008892,0.050311844,1
56,0.707216149,16,6.080939618,30,0.005358399,0.099841265,0.1993963,0.049766947,0
8,0.778595551,1,7.196781537,19,0.003946619,0.1001875,0.198738977,0.049731099,0
27,0.681873716,8,10.27082352,27,0.005188161,0.099945226,0.199488475,0.049658109,1
19,0.723417348,5,2.737046317,22,0.005155608,0.100156595,0.200043729,0.05048142,0
47,0.650561036,16,8.365278211,24,0.005066553,0.099765287,0.200637155,0.050186864,1
33,0.860596166,4,4.547724472,42,0.004933878,0.100397734,0.199486688,0.049753634,1
40,0.757635989,9,8.659818067,28,0.004203928,0.098977473,0.200606097,0.050038157,1
17,0.864181688,2,5.518720173,20,0.005437088,0.100056576,0.19927359,0.049962894,1
36,0.896664402,3,1,38,0.005186884,0.100539552,0.199448287,0.049708226,1
75,0.489081172,38,8.108732808,35,0.005550978,0.100599079,0.200869494,0.050010855,0
63,0.657537335,21,8.083434311,36,0.004230622,0.09990727,0.200028573,0.050057209,0
32,0.675116485,10,5.262759075,12,0.005253567,0.099469521,0.199895827,0.050579376,1
70,1,0,5.08496842,43,0.00488267,0.100546589,0.200141168,0.049803294,1
46,0.767880644,10,3.065881825,23,0.005071894,0.099979254,0.199276158,0.04948718,0
49,0.847507272,7,9.319299825,34,0.00488842,0.099936412,0.199801491,0.049685314,0
66,0.524316988,31,9.646647347,48,0.005271804,0.099642858,0.200001597,0.049732206,1
61,0.767185854,14,4.362847344,45,0.004918563,0.099500045,0.200738829,0.049871922,1
10,0.867395158,1,5.380196621,20,0.004474043,0.100225545,0.19899775,0.049686049,0
32,0.85343581,4,6.810132637,16,0.005043213,0.100267949,0.201057794,0.050246637,0
32,0.824807933,5,13.81259584,39,0.004892913,0.100080618,0.199925211,0.04966519,1
48,0.751560061,11,8.635365243,29,0.004958303,0.099694382,0.199333666,0.050006005,0
34,0.757388234,8,4.169753455,23,0.003406094,0.099574,0.199225019,0.050600058,0
66,0.546808059,29,7.911340928,32,0.005341318,0.099427101,0.20016389,0.05016607,0
79,0.641936054,28,2.869925378,26,0.004842668,0.099775782,0.199191674,0.050135227,1
66,0.777713275,14,9.15397093,33,0.004325923,0.099597659,0.199663926,0.050557195,0
5,0.664082903,1,12.02664218,28,0.005461282,0.099316276,0.199850058,0.050373695,0
31,0.83266059,5,12.03937506,33,0.005318183,0.100260538,0.200686205,0.050169537,0
66,0.806013906,12,9.20468051,20,0.00483634,0.099472374,0.200611072,0.049906782,0
7,0.914084431,0,5.249762932,39,0.004423915,0.100393569,0.199614205,0.049993193,0
74,0.864990459,9,3.09729473,33,0.005089015,0.100157629,0.19987239,0.049978609,0
76,0.777271369,16,2.79938487,33,0.005061553,0.100117736,0.199042769,0.049879572,1
31,0.839757652,4,1,19,0.005462167,0.100666124,0.198776543,0.050063611,1
13,0.870612259,1,9.081567289,41,0.004778132,0.099485679,0.199262569,0.050105224,0
66,0.689107526,20,6.691493439,27,0.005597461,0.100349509,0.200673858,0.049626611,0
41,0.71048028,11,9.727648499,33,0.004729873,0.099880943,0.200468048,0.050489613,0
55,0.738380876,14,11.28409446,25,0.004327084,0.101028428,0.200230062,0.050122939,0
48,0.692936335,14,7.299716632,30,0.004433859,0.099847682,0.199125425,0.049921165,0
28,0.871882433,3,7.437884829,30,0.004968794,0.099783077,0.199573004,0.050066353,0
63,0.674722735,20,5.607038967,12,0.004967243,0.100170214,0.199485307,0.050279111,0
36,0.900198177,3,5.961746748,32,0.005163931,0.099916437,0.199900401,0.049559994,1
56,0.705963216,16,9.185409737,43,0.004954813,0.099696615,0.199862568,0.049968482,0
66,0.806687597,12,6.476874909,32,0.005488659,0.099611889,0.199398826,0.049644243,1
62,0.769969818,14,6.042977,20,0.004869453,0.100583282,0.20020953,0.050797101,1
56,0.632882423,20,6.945049422,33,0.004001862,0.099534615,0.200137368,0.050041456,1
16,0.747613232,4,9.658990588,36,0.004939452,0.100089235,0.199562706,0.049646676,1
43,0.790037224,9,4.922015327,32,0.003996611,0.100422474,0.200182567,0.05107984,1
6,0.742284878,1,6.800414447,27,0.005135695,0.100441798,0.200674571,0.049839194,1
7,0.588875213,2,7.735833513,26,0.005528596,0.099759339,0.200856836,0.049937276,1
60,0.954171509,2,10.48066571,26,0.004506888,0.099917526,0.200294397,0.049958961,0
63,0.760523938,15,6.28210967,33,0.005709278,0.099839923,0.200276761,0.049745614,0
6,0.654683691,2,4.846529842,16,0.005421416,0.099385992,0.199855917,0.050074206,0
6,0.944492163,0,5.546917167,25,0.00560324,0.100215007,0.200617828,0.049336778,0
58,0.824086777,10,10.1591723,40,0.005094782,0.100015401,0.199357789,0.05032577,1
5,0.6059796,1,13.0999159,41,0.004503617,0.100576234,0.20054831,0.049661659,1
23,0.62466063,8,3.058726559,16,0.005390408,0.099670718,0.199827437,0.049875404,1
6,0.723312634,1,3.714095155,18,0.0046877,0.100435479,0.200894562,0.050225456,0
57,0.785676837,12,6.49360964,25,0.005058942,0.100463694,0.200352924,0.049938662,0
48,0.82473598,8,7.332868288,35,0.004914325,0.100018829,0.19995928,0.049950936,1
36,0.864021418,4,9.360908697,13,0.005562348,0.099131655,0.199858107,0.049696377,0
74,0.814748689,13,4.326600974,27,0.005365164,0.099794973,0.200315368,0.050628694,0
36,0.911609517,3,3.81067289,24,0.004959717,0.100714348,0.200286275,0.050159445,0
72,0.765215179,16,7.414261459,38,0.004024196,0.100118822,0.199760994,0.049675165,1
59,0.658843274,20,6.224797839,14,0.004682386,0.10027736,0.200055101,0.050053455,0
79,0.749597896,19,9.780162993,28,0.005352111,0.099964333,0.200537834,0.04965396,0
60,0.741722321,15,8.46207941,24,0.005140055,0.099910623,0.199181986,0.050516724,0
21,0.440614148,11,8.666138043,39,0.004248389,0.099253062,0.200435527,0.050059891,0
42,0.682635977,13,6.686555961,32,0.004096706,0.100317896,0.200312729,0.049707336,1
28,0.787704448,5,14.06674078,23,0.005097755,0.100431872,0.200711988,0.050209277,1
73,0.699094132,21,4.486756055,34,0.004471471,0.099619655,0.199570608,0.049916577,0
74,0.672454877,24,8.832429501,24,0.004519602,0.099928458,0.20000343,0.049613531,0
15,0.859365143,2,3.190930039,35,0.005336304,0.099874503,0.200123041,0.050114314,1
20,0.640014501,7,3.779596967,26,0.005601119,0.100168061,0.200443278,0.050105853,0
77,0.835394718,12,5.177963204,36,0.004624649,0.099782255,0.20025747,0.05034132,1
63,0.590070664,25,11.88797001,31,0.00497762,0.100372536,0.199256267,0.050019351,1
74,1,0,7.791683291,54,0.004962877,0.10002853,0.200174626,0.050032118,0
7,0.724117737,1,5.228565794,27,0.004917898,0.098980231,0.201202537,0.05004804,0
24,0.711208165,6,8.123308978,31,0.005020299,0.100177088,0.200367055,0.050478585,1
63,0.887167908,7,7.105443644,24,0.005378249,0.10039854,0.200982828,0.049906978,0
40,0.699755419,12,5.524079893,28,0.004663038,0.099539175,0.200625837,0.050140836,0
23,0.924591337,1,2.810113433,12,0.004237361,0.100163491,0.200817441,0.050185024,1
71,0.79459126,14,11.31562745,31,0.005845005,0.100731984,0.200185981,0.050104933,0
23,0.735792252,6,7.629454386,38,0.005544711,0.100044827,0.200313107,0.049895629,1
24,0.722999292,6,13.52121512,31,0.004448181,0.100456652,0.200153311,0.050036181,0
75,0.89491106,7,9.820964862,17,0.005067816,0.099823138,0.200002605,0.049971903,1
56,0.777658466,12,8.653959174,21,0.005505351,0.099992814,0.200445317,0.050587763,0
37,0.801877048,7,5.694387014,12,0.005374522,0.099918151,0.199687399,0.049862671,1
44,0.814920225,8,3.713963308,35,0.005231007,0.099845152,0.201131229,0.049726226,1
43,0.765952342,10,6.346807047,19,0.004914887,0.099940911,0.199443192,0.049998139,1
5,0.812384667,0,3.627122217,27,0.005863652,0.099347727,0.200486833,0.049976991,0
15,0.735801189,3,8.950571142,26,0.005110429,0.099867648,0.200827203,0.050059053,0
61,0.744022964,15,11.89795749,39,0.00474252,0.100535123,0.199894027,0.049862766,0
54,0.615706209,20,6.217263202,28,0.005435538,0.099614524,0.199332214,0.050033112,0
27,0.78573123,5,9.833472917,34,0.005048029,0.099573547,0.200693318,0.050038882,1
35,0.543655079,15,4.932312789,32,0.005174899,0.100024485,0.200122037,0.050271797,0
46,0.784026968,9,6.092599485,38,0.005101575,0.100044473,0.20048799,0.050027902,1
11,0.716326078,3,4.555108046,26,0.005248388,0.100150986,0.199934327,0.050030743,1
20,0.794950213,4,1,42,0.004510772,0.099954505,0.201039155,0.050154904,1
64,0.6241406,24,6.89039995,12,0.004274447,0.100028746,0.198729795,0.050260297,0
6,0.495677116,3,7.385355213,34,0.005717066,0.099859646,0.200225707,0.049704897,1
5,0.707896163,1,10.197583,21,0.005124792,0.099489682,0.20080505,0.049624304,0
52,0.62449048,19,9.386314758,24,0.005385424,0.099971443,0.200063203,0.050508644,1
16,0.536333198,7,9.426858697,32,0.00412012,0.100289839,0.200181415,0.050211223,1
73,0.842157992,11,4.077891331,32,0.005533342,0.100206022,0.199739593,0.049934184,1
41,0.942148587,2,8.378491918,32,0.004739257,0.099302303,0.200012413,0.050005911,1
36,0.654365828,12,11.7477819,16,0.004596891,0.10010077,0.198996886,0.049882231,0
13,0.740907501,3,8.139603552,39,0.004968313,0.099642892,0.199568941,0.050063384,1
23,0.713065726,6,12.48578084,20,0.00451101,0.100556866,0.199527947,0.049708449,1
52,0.670932189,17,13.05689833,21,0.004999134,0.100130508,0.200401474,0.05025205,1
7,0.829648466,1,6.194595189,33,0.004931831,0.100358514,0.199657178,0.050052636,0
24,0.871216975,3,4.909180765,25,0.005530198,0.100008467,0.199674515,0.050063488,0
28,0.645767137,9,4.715613504,30,0.005756672,0.099973578,0.199773246,0.049731817,1
58,0.755372024,14,2.45159254,12,0.005740758,0.100598338,0.199550813,0.05015728,0
37,0.904143964,3,5.444791302,30,0.003867743,0.10038911,0.200161413,0.049738709,0
28,0.832684344,4,10.62299635,29,0.004532417,0.100047143,0.200226579,0.049792355,0
79,0.850523693,11,1,23,0.003862557,0.099920133,0.200495011,0.050026287,0
76,0.914158237,6,3.887639798,12,0.004403229,0.09931713,0.20039165,0.0507522,1
40,0.912581421,3,6.618605675,26,0.004675241,0.100129827,0.200331655,0.05005144,0
42,0.873437116,5,4.368444398,27,0.005205281,0.099949558,0.199802619,0.04922936,0
29,0.76739249,6,5.418142167,25,0.004740033,0.100221582,0.199764138,0.04980725,1
22,0.704102038,6,5.463010977,13,0.004753965,0.100343128,0.199477273,0.050205119,0
70,0.762417332,16,6.22737934,40,0.005090882,0.100493168,0.199466454,0.049661462,0
58,0.685871198,18,4.811635912,22,0.004145345,0.100134797,0.200116557,0.050249331,1
39,0.515701575,18,4.566360358,26,0.004580703,0.099581456,0.19956835,0.050047646,1
65,0.716460112,18,9.802929238,12,0.004748222,0.099140275,0.200880994,0.050297398,0
45,0.792903149,9,10.14896253,40,0.004898799,0.09967012,0.1999775,0.049832344,0
37,0.67952767,11,2.858369964,24,0.005038477,0.100533395,0.200900834,0.049808965,0
72,0.726866426,19,1,28,0.005750325,0.100729397,0.20034306,0.050169496,0
37,0.731515594,9,10.19012455,36,0.005454168,0.09990484,0.199533658,0.049997741,1
18,0.912822813,1,3.313598744,22,0.004615345,0.099415616,0.199962772,0.049979593,0
25,0.706867527,7,7.638234515,35,0.004869335,0.099740635,0.198995929,0.050470691,0
52,0.912796006,4,2.302984381,12,0.00483528,0.100455122,0.200114255,0.050181242,1
24,0.424501141,13,10.89326496,32,0.004742924,0.099763595,0.199588539,0.049403023,1
12,0.911742694,1,14.63100369,40,0.005136258,0.10023565,0.199331925,0.05023972,1
11,0.905688734,1,7.548420728,23,0.00407011,0.100067423,0.200913288,0.050209691,1
71,0.858270561,10,6.717692055,36,0.005440357,0.100284001,0.200618353,0.050355473,0
21,0.50856984,10,6.033581274,42,0.005846775,0.100727204,0.200601823,0.04971809,1
37,0.872266439,4,9.345397934,25,0.00486508,0.100235913,0.200469267,0.050097442,0
52,0.743985699,13,8.703060253,25,0.004855318,0.100058767,0.199259067,0.050033489,1
63,0.446479507,34,10.01049536,20,0.005078522,0.100771349,0.199759712,0.04971271,1
26,0.905781325,2,5.116250432,23,0.005509693,0.100139821,0.199796298,0.05028403,1
34,0.923300769,2,8.020353119,21,0.004837853,0.099682821,0.198974158,0.049927536,1
42,0.521458551,20,5.3725958,20,0.005466973,0.100274986,0.199665799,0.05034582,0
55,0.771050529,12,3.826853056,37,0.005244247,0.100178982,0.199672341,0.049777142,1
58,0.916630935,4,6.876953737,21,0.006180806,0.099876839,0.200075599,0.049561824,1
12,0.897619358,1,4.232461809,30,0.004835669,0.099792966,0.201519433,0.04992723,0
31,0.850327326,4,10.52118099,28,0.004012,0.099880696,0.199987462,0.050069574,1
31,0.432329654,17,4.414238866,39,0.00428353,0.099787244,0.200075909,0.049839741,0
25,0.837545132,4,8.090637822,23,0.005005964,0.099893696,0.199849874,0.049080663,1
34,0.723827532,9,5.189733104,31,0.005513941,0.099662881,0.200442628,0.050115095,1
32,0.869502903,4,7.831188251,34,0.004673745,0.100154462,0.19935565,0.050113694,1
68,0.780739375,14,5.42801028,39,0.004884534,0.100124481,0.201137622,0.05020615,1
73,0.747614207,18,3.228366175,23,0.005342421,0.100138081,0.199925504,0.049885852,0
65,0.826908462,11,8.451318223,23,0.004517384,0.099975052,0.199762886,0.049869484,1
52,0.729370395,14,6.293753134,19,0.004694365,0.099928935,0.200582022,0.050432097,0
23,0.747086726,5,7.857954822,45,0.004416137,0.100576802,0.199465446,0.049527379,1
8,0.68337312,2,5.713471193,39,0.005589114,0.100026962,0.200431551,0.049925865,1
39,0.557350921,17,3.016190459,27,0.005770836,0.100505507,0.200843102,0.050042691,1
68,0.818142417,12,10.24953579,43,0.004210293,0.099601434,0.199855194,0.050181807,0
53,0.653276362,18,9.210273266,27,0.004928907,0.100235671,0.201231705,0.05005093,0
21,0.725904976,5,5.299117073,33,0.005703629,0.099706119,0.200386575,0.049723402,0
48,0.784436875,10,7.20933764,28,0.005199348,0.099777539,0.200394017,0.050350284,1
34,0.499773883,17,10.12605845,31,0.00475538,0.099835238,0.200819519,0.050000572,0
50,0.526638132,23,5.628884992,30,0.004226919,0.09981016,0.200978441,0.049499599,1
10,0.714031371,2,6.094346484,24,0.005576472,0.099812158,0.200157103,0.050062753,1
41,0.804547618,8,7.7308975,36,0.005180258,0.10048691,0.200478143,0.050142583,0
28,0.839284592,4,5.622726809,33,0.004263507,0.100018164,0.200837805,0.050588223,0
50,0.55904226,22,9.571275991,36,0.005594946,0.100090022,0.199302913,0.050122625,0
57,0.826395778,9,6.493297659,30,0.004199798,0.099817136,0.198962299,0.049555392,1
64,0.720591646,17,4.647892375,20,0.004889757,0.100342776,0.199965468,0.04956593,0
67,0.644021131,23,8.82591649,41,0.004867693,0.100142023,0.198947905,0.050377613,0
36,0.672173777,11,3.573608052,25,0.005809191,0.099876429,0.199811603,0.049759159,1
37,0.84622288,5,13.04463568,30,0.004869477,0.099366286,0.200188624,0.049535126,1
71,0.782880694,15,11.74748909,33,0.004867679,0.100086519,0.199834617,0.050300153,0
22,0.756036783,5,8.540486431,30,0.004318461,0.100230272,0.199915044,0.049857279,0
29,0.779219489,6,8.287993065,35,0.004679801,0.099608461,0.199399,0.050284104,0
58,0.861371733,8,8.147324253,36,0.004591352,0.099881842,0.200472886,0.049725584,0
62,0.738348052,16,5.532715642,26,0.004617389,0.100214864,0.199361922,0.050442144,0
71,0.756518266,17,7.891928937,41,0.005003142,0.099371629,0.198738259,0.050261619,1
50,0.886580489,5,4.230602169,25,0.003782912,0.099740459,0.199875597,0.049783194,0
28,0.710209605,8,8.511455255,30,0.004244885,0.100150764,0.200549012,0.049501883,1
36,0.824176871,6,9.603540829,24,0.004944491,0.100442007,0.200047898,0.050691549,1
51,0.689555462,15,5.865741697,22,0.005060627,0.100874312,0.199301122,0.049936938,1
27,0.700095919,8,5.214694618,36,0.004883284,0.100783462,0.200061171,0.049771181,0
70,0.737514029,18,3.362568926,52,0.004979603,0.100057508,0.200262982,0.050415892,0
31,0.811832742,5,11.3738657,25,0.004795442,0.099806309,0.20005419,0.050283728,1
6,0.893301836,0,5.453007898,37,0.004990748,0.100369249,0.199841249,0.050354839,1
21,0.761585432,5,6.403782892,25,0.005217071,0.099782563,0.200291623,0.049970448,0
37,0.570019571,15,7.900466755,27,0.005213567,0.099695162,0.198956944,0.050564316,1
13,0.825773555,2,7.846622929,42,0.004655521,0.099877894,0.199463627,0.049606815,1
47,1,0,9.239680287,19,0.005457547,0.099827731,0.199216875,0.049834385,0
52,0.76304026,12,5.86201024,17,0.005078554,0.100165052,0.200809032,0.050116964,1
43,0.544947883,19,3.583996185,27,0.005616107,0.099759039,0.200427219,0.050350433,1
46,0.770358347,10,3.059004073,33,0.005716436,0.100034049,0.200111075,0.050198348,0
30,0.749638488,7,5.262234301,31,0.004278637,0.100637981,0.199129627,0.04997514,0
54,0.739546939,14,4.144448576,30,0.004570486,0.100048856,0.200446489,0.049857456,1
29,0.863449188,3,6.089149884,28,0.005406774,0.100606697,0.200831924,0.050352053,1
28,0.915392974,2,10.92273643,34,0.004167554,0.100480823,0.200342897,0.050229319,1
17,0.832030289,2,5.868165382,12,0.005710088,0.100236816,0.199978894,0.049737643,1
64,0.73403303,17,5.867047416,21,0.004828059,0.099858339,0.200379031,0.049728719,0
11,0.885081454,1,6.950803671,27,0.005287517,0.100416203,0.20016375,0.049836354,0
61,0.570740443,26,5.783125026,33,0.004941805,0.09990001,0.200555646,0.049797871,1
40,0.664073266,13,6.797826293,39,0.004303805,0.099999196,0.200542211,0.050308952,0
49,0.677444667,15,8.622607667,20,0.005527772,0.100132079,0.199867361,0.05013072,1
24,0.746285922,6,9.654253164,39,0.006375362,0.099997853,0.199603615,0.050167336,0
69,0.810808159,13,10.0096396,24,0.004742496,0.099711893,0.199760106,0.050057501,0
12,0.725914446,3,13.17055666,26,0.004838821,0.09938916,0.20032151,0.050071631,1
20,0.641275705,7,8.708078339,32,0.00367545,0.100383653,0.199796336,0.049525455,1
18,0.866982034,2,13.7034367,26,0.005675751,0.100228137,0.199549682,0.050238255,1
19,0.721745193,5,4.670554576,36,0.005455883,0.099311756,0.199999428,0.049830956,1
70,0.762255471,16,13.27385471,24,0.004133308,0.099701285,0.200664474,0.049990053,1
36,0.816128129,6,5.858871837,24,0.003967557,0.100071626,0.200081065,0.049858048,1
67,0.754665313,16,6.153943208,36,0.004025384,0.100177029,0.199834269,0.050043761,0
55,0.755192603,13,6.640382358,21,0.005322585,0.099392619,0.200192259,0.050171928,0
29,0.87365681,3,6.344137867,29,0.005372496,0.099964305,0.200050424,0.049697343,1
62,0.768164337,14,7.25752119,14,0.004538333,0.100215862,0.198839818,0.050075825,1
67,0.853535638,9,5.259915993,42,0.00524963,0.099859395,0.200418055,0.049865299,1
66,0.815360093,12,9.489886519,37,0.005079439,0.100102332,0.200244475,0.050396438,1
26,0.992026505,0,5.341494896,50,0.004816365,0.099804979,0.200009703,0.049665612,1
62,0.79912961,12,8.966831195,38,0.005485098,0.100363679,0.200637414,0.049699245,1
62,0.826556792,10,11.58317086,18,0.004397532,0.099680286,0.2007278,0.049892129,0
53,0.882198806,6,5.928692891,33,0.00557377,0.099543169,0.200479261,0.049722307,1
56,0.757634131,13,9.383150254,20,0.004635739,0.100011571,0.19948982,0.049932686,1
46,0.673457628,15,8.677477867,40,0.005890768,0.09942659,0.199510573,0.049841634,0
74,0.69310253,22,13.75866065,19,0.004497347,0.099157956,0.200670401,0.050026524,0
19,0.694259169,5,5.485508305,18,0.004824214,0.100433494,0.198873666,0.050302422,1
58,0.635960284,21,9.38521485,15,0.005029294,0.09960631,0.199910691,0.050021384,1
64,0.78813662,13,2.121966725,24,0.005026159,0.099466539,0.200263895,0.050048706,1
12,0.674458014,3,5.512424768,22,0.005245414,0.099675296,0.198949755,0.049682803,1
57,0.773382339,12,8.060178513,17,0.004357159,0.09965734,0.200140606,0.049959782,1
64,0.730959067,17,11.17947991,43,0.004981344,0.099943155,0.200572657,0.049873474,1
9,0.745005421,2,3.322199905,32,0.005069066,0.099562605,0.199108654,0.050204492,1
72,0.816726798,13,9.358271922,31,0.004736131,0.100199274,0.200994902,0.04977063,1
10,0.684972105,3,6.810329631,40,0.005202029,0.100258494,0.199394102,0.049741803,0
51,0.826666926,8,2.43541704,30,0.004326815,0.099490003,0.200344842,0.050095229,1
59,0.938076944,3,7.544760538,22,0.004836773,0.099752761,0.199949842,0.050594031,0
44,0.79117309,9,12.1274837,14,0.004623408,0.099790777,0.200041709,0.049947215,1
56,0.656148518,19,3.63873202,21,0.004838285,0.099933997,0.199229903,0.050050463,0
20,0.676197839,6,6.670186854,40,0.005723518,0.100433073,0.200756284,0.050284407,0
17,0.720208452,4,4.040083046,17,0.005733228,0.100456125,0.20019553,0.050152971,0
34,0.678613164,10,5.594251204,30,0.005635208,0.100999547,0.200972504,0.050154944,1
23,0.631058363,8,11.29651043,36,0.004768871,0.09909225,0.19924555,0.049971442,1
21,0.768528873,4,6.185426574,30,0.005453809,0.099630282,0.199891259,0.049977279,0
67,0.72345632,18,11.20469721,31,0.005056181,0.100725604,0.200125718,0.049773455,1
23,0.772766506,5,10.32716214,33,0.005022795,0.09927972,0.20003623,0.050145912,1
62,0.892366489,6,5.91178626,31,0.004961319,0.100716506,0.200400071,0.050139066,0
59,0.72163766,16,5.492201618,40,0.005879209,0.100058941,0.199883649,0.050215149,0
66,0.607749599,25,4.31200358,19,0.005682919,0.100073653,0.201273216,0.049853569,0
27,0.702132901,8,4.207356417,29,0.005372448,0.099488081,0.200023905,0.05024904,0
13,0.842451026,2,8.059622184,13,0.00491485,0.099819535,0.198269507,0.05034,1
16,0.831212432,2,6.940644054,12,0.00501978,0.100698951,0.200050521,0.049635813,1
5,0.812236758,0,5.129183695,27,0.005265283,0.099980927,0.200756878,0.049910938,1
62,0.675035193,20,2.353711234,32,0.004739196,0.0998222,0.199446016,0.050352507,1
5,0.840228314,0,7.318536303,41,0.005469158,0.100162288,0.199407947,0.049805133,1
38,0.867227889,5,5.591343463,47,0.004539377,0.099923113,0.199495766,0.050158629,0
52,0.666549404,17,6.414106913,38,0.005195922,0.10013806,0.199354114,0.050002573,0
5,0.745011588,1,7.913985486,33,0.003855142,0.099660103,0.199712359,0.050099264,1
20,0.992448236,0,1,29,0.004724691,0.099969139,0.200545578,0.050011717,1
65,0.661215087,22,2.400176189,15,0.006038839,0.099743569,0.2009158,0.050223851,1
68,0.5453896,30,13.88932923,26,0.005518096,0.099278413,0.19854545,0.049693545,0
67,0.915948532,5,5.48016848,38,0.005767734,0.100192783,0.199772927,0.049726003,0
73,0.886392573,8,1,35,0.004666346,0.099506491,0.200181619,0.050439354,1
26,0.695163921,7,2.650179461,17,0.005051886,0.099934104,0.200121607,0.050630109,0
71,0.736440986,18,14.45340211,32,0.005640996,0.100370427,0.201139964,0.049998374,0
30,0.603007794,11,4.891007619,32,0.005316547,0.099400875,0.198793584,0.05051458,0
20,0.760674273,4,10.47704573,30,0.005254283,0.100241874,0.198446562,0.049768468,0
55,0.889909646,6,7.363353995,27,0.005815291,0.099880075,0.201237328,0.049840524,0
61,0.684887419,19,5.545098888,33,0.004479773,0.099613391,0.20045206,0.050437246,0
33,0.855252237,4,9.326336412,33,0.004907881,0.100809169,0.199657177,0.050241232,0
73,0.805646863,14,1,22,0.004122957,0.099999777,0.200102959,0.050481928,1
51,0.819338027,9,2.67660214,31,0.004452447,0.099772763,0.200145931,0.050140567,0
66,0.691882898,20,5.522946964,26,0.005537093,0.099687915,0.199642688,0.049696236,0
73,0.707445098,21,2.971286805,16,0.004541325,0.100352465,0.200085067,0.050067073,1
20,0.528387308,9,5.257666634,23,0.005367762,0.099755178,0.200212888,0.050360601,1
52,0.68199967,16,9.561139137,15,0.005829243,0.100302607,0.201209318,0.049960179,1
43,0.889618255,4,7.396410164,35,0.004911031,0.099999008,0.200578071,0.04991407,1
37,0.638480137,13,10.99185111,30,0.005259932,0.100446475,0.201043594,0.050145156,1
27,0.656363802,9,7.586125853,25,0.005371656,0.099582984,0.199193857,0.049832148,1
14,0.826822779,2,9.977382494,39,0.004389252,0.099638775,0.199791682,0.05008865,1
73,0.798332195,14,6.8077891,28,0.004691774,0.099887598,0.200145348,0.05001905,0
38,0.83278359,6,5.22917355,16,0.004498169,0.099920773,0.19884734,0.049852876,0
56,0.610413535,21,11.44170417,24,0.004731638,0.099858177,0.200709116,0.050294221,0
14,1,0,4.871949136,41,0.005358055,0.101052576,0.200385326,0.050193796,1
23,0.604109595,9,8.031534469,22,0.004702402,0.100825299,0.199779705,0.049893899,1
62,0.768509678,14,9.30669209,30,0.004982423,0.100119622,0.199889999,0.049995512,0
5,0.73096134,1,9.524478113,33,0.004478769,0.100166789,0.20075232,0.049918617,1
73,0.607603018,28,3.503671989,32,0.005613211,0.099905427,0.199522737,0.049808406,0
8,0.705574869,2,10.15585122,47,0.004727445,0.09958007,0.200776511,0.049490519,1
20,0.752796912,4,4.063134262,18,0.00576149,0.099927171,0.199848777,0.049854852,0
28,0.672003215,9,9.432110966,19,0.005030465,0.100308447,0.200453598,0.049812792,0
6,0.862466835,0,8.605520413,18,0.0042965,0.100522251,0.200052059,0.050034467,0
36,0.730604911,9,9.455891985,25,0.004914487,0.100398283,0.201339916,0.05013221,1
28,0.589047039,11,3.384989437,36,0.004468612,0.09939609,0.199467565,0.049759345,0
16,0.578864936,6,8.763789228,19,0.005294675,0.099884309,0.19965603,0.050112049,1
54,0.822739811,9,10.25678103,36,0.004869319,0.099412453,0.199096325,0.049713126,0
39,0.571587506,16,7.580187349,28,0.005081605,0.100467537,0.199341946,0.049962412,1
37,0.787971129,7,4.544149961,19,0.004815323,0.099835046,0.200427877,0.049819274,1
37,0.803358622,7,9.759242843,13,0.004722329,0.099981156,0.200960098,0.050223852,0
65,0.630557356,24,7.341758884,15,0.004513189,0.10019202,0.200495889,0.050035032,1
55,0.85688857,7,1.976667209,22,0.005418111,0.101106456,0.199996765,0.04996695,1
47,0.543864765,21,4.311431613,26,0.004913423,0.10010731,0.199463831,0.049812425,1
16,0.785575072,3,5.421116406,38,0.004842655,0.099904692,0.200539051,0.049901348,1
71,0.745097048,18,11.51745486,34,0.004900893,0.099503583,0.199430839,0.050548718,0
69,0.735720243,18,10.99054926,21,0.004660569,0.100583456,0.199190629,0.049849675,0
37,0.608652403,14,10.98090559,31,0.004844324,0.099927345,0.199814918,0.050143822,0
44,0.637557359,15,7.697080833,41,0.005102815,0.100662857,0.198779636,0.049966206,1
78,0.944256243,4,9.740784375,42,0.004482932,0.100442245,0.199171169,0.050135248,1
47,0.895818601,4,3.577661774,25,0.004555324,0.099814818,0.201131594,0.050251093,1
48,0.839050151,7,7.020409295,35,0.005689142,0.09944309,0.199059915,0.049893806,1
33,0.862781772,4,8.354898105,39,0.004818622,0.100109028,0.199287111,0.050212932,1
17,0.851521625,2,3.775302828,15,0.00472422,0.099754039,0.2000431,0.050826992,0
16,0.711197255,4,7.629736269,23,0.004328064,0.100015738,0.200074342,0.050170262,0
50,0.755712426,12,12.05991756,45,0.005425339,0.10041962,0.199859225,0.050484074,1
6,0.573298995,2,8.676309354,25,0.004472037,0.099338567,0.198797976,0.050144314,1
39,0.739236525,10,9.75263562,12,0.004992354,0.100105846,0.200509094,0.049720412,0
12,0.89200971,1,1,27,0.004145907,0.100303838,0.199734168,0.050082708,1
30,0.67071513,9,11.67390655,36,0.005409086,0.100323244,0.20073227,0.049900885,1
78,0.872776945,9,6.441632957,28,0.005588428,0.099454583,0.199613109,0.049821218,1
38,0.760990289,9,4.693941058,33,0.00524226,0.100167735,0.200589497,0.049978224,1
11,0.583755376,4,6.476086445,35,0.00423276,0.100481415,0.20077765,0.049953575,0
72,0.617121658,27,2.544933525,25,0.005419381,0.100137294,0.199719835,0.049682023,1
62,0.860316344,8,10.14382619,23,0.004586326,0.099953722,0.20052827,0.050812538,0
79,0.81630289,14,5.993812832,29,0.004414514,0.100455845,0.199202873,0.050242361,1
33,0.762211689,7,4.784107564,29,0.004808269,0.099722272,0.200158214,0.050073317,0
40,0.717116182,11,6.495834803,28,0.004798316,0.099388067,0.200733337,0.050026964,0
25,0.775268157,5,10.35404696,28,0.004747476,0.099919761,0.200311096,0.050360705,1
40,0.85563555,5,7.394375202,22,0.005636837,0.100214018,0.201443734,0.050622671,1
14,0.927102394,1,2.770918691,34,0.006005913,0.100415575,0.200344615,0.050205526,1
77,0.932842104,5,8.394942489,32,0.004315432,0.100212201,0.199780837,0.050036358,0
28,0.794635188,5,4.213060137,17,0.004655584,0.100334328,0.201704532,0.050441793,1
68,0.729368197,18,1,24,0.005071374,0.100418125,0.200980221,0.050042708,0
53,0.767549761,12,11.48802164,28,0.004805642,0.099864249,0.199038255,0.050130594,0
40,0.812654443,7,8.371689624,23,0.005199699,0.099940824,0.199529502,0.050300303,0
28,0.812168033,5,6.765188009,33,0.005457993,0.100514867,0.199377105,0.049884056,0
27,0.906958396,2,5.963171456,27,0.005374683,0.099515937,0.200387378,0.04937725,0
66,1,0,11.1912385,29,0.005304867,0.100171653,0.200342695,0.049869476,1
41,0.725369444,11,16.26146545,24,0.005829548,0.099713316,0.200338071,0.0502319,0
16,1,0,8.346341556,12,0.004205526,0.100440105,0.199022054,0.050210765,0
59,0.89066871,6,3.911095953,12,0.005740054,0.099992826,0.199617145,0.050402801,0
17,0.737901241,4,6.536603443,32,0.004793504,0.100003038,0.199910429,0.049880951,0
27,0.929827781,1,8.291718016,30,0.005392563,0.100691552,0.198906848,0.050474278,1
34,0.952277796,1,1,31,0.004485167,0.099569583,0.199476903,0.05005552,1
21,0.694764547,6,8.003497605,29,0.004545752,0.100086328,0.20081386,0.050181324,1
66,0.95786583,2,8.309275388,29,0.005331059,0.09992795,0.199067554,0.050271084,0
17,0.879009939,2,10.97902659,35,0.004035635,0.100212965,0.200873156,0.0495855,1
63,1,0,10.66636991,31,0.005494721,0.100771732,0.200654689,0.049698531,0
23,0.69911537,6,7.333516481,36,0.005629982,0.099757903,0.199825558,0.049688573,1
53,0.707588791,15,11.54391072,29,0.005088892,0.099521041,0.199610676,0.050321665,1
16,0.506800544,7,13.10703496,25,0.005070881,0.099676269,0.200499097,0.049908363,1
65,0.81854327,11,7.083854366,29,0.004583182,0.099906873,0.199527356,0.050608275,0
23,0.795030151,4,8.254561235,21,0.005337225,0.100025692,0.199557201,0.050001013,1
13,0.682440759,4,1.698107941,24,0.005173833,0.100045812,0.199985679,0.049558588,1
75,0.740177912,19,2.647080213,29,0.004539247,0.100721064,0.19872186,0.049798275,1
32,0.592653479,13,4.485411058,29,0.00480426,0.100649936,0.199130015,0.050035213,0
56,0.893813394,5,5.669145086,27,0.004920332,0.100521179,0.199810603,0.050154557,0
20,0.691236063,6,3.711630926,16,0.004803599,0.101005775,0.200285418,0.049704549,1
73,1,0,6.892013764,33,0.004318544,0.100329639,0.199519056,0.050170544,0
16,0.728927844,4,5.758872497,34,0.00534951,0.100443342,0.199881434,0.050250663,0
29,0.658845739,9,10.21268569,41,0.004878245,0.100321908,0.199031924,0.049807716,0
56,0.700522426,16,5.575679064,31,0.005007682,0.100256362,0.20055949,0.050590747,0
57,0.580564683,23,1,28,0.004710867,0.100157759,0.200132049,0.049840202,0
27,0.807872627,5,7.377253518,19,0.005237636,0.099841257,0.200185128,0.049700037,1
20,0.699612036,6,6.957405927,39,0.005099348,0.099501289,0.20029295,0.049541233,0
61,0.885750335,6,4.413850356,29,0.005606392,0.099947738,0.200046877,0.050366192,1
43,0.717030301,12,7.28499965,29,0.005240299,0.100226309,0.199709736,0.050006865,1
57,0.916133053,4,3.774206235,25,0.004898658,0.100028905,0.200677793,0.049856214,1
46,0.84089469,7,7.989519861,25,0.004630142,0.099573866,0.200094129,0.049557758,0
62,0.753431613,15,14.89877331,33,0.005432976,0.099933647,0.199900568,0.049883225,1
43,0.93962791,2,1.583183581,19,0.004858712,0.099912799,0.199994807,0.050714434,1
18,0.864275215,2,5.451273739,41,0.004914141,0.099975058,0.199982021,0.049356654,0
9,1,0,4.970484636,39,0.004914014,0.100196366,0.199894541,0.049810502,0
39,0.700865371,11,5.70022035,25,0.004799196,0.100282503,0.200267664,0.050537835,1
79,0.759193933,19,10.05977374,21,0.004922731,0.099799979,0.199438484,0.050374692,0
22,0.938245081,1,8.628479678,12,0.005963104,0.100392448,0.199482325,0.049828812,0
13,0.564775463,5,9.546299508,17,0.004476089,0.100452655,0.200335558,0.050061079,0
78,0.908033228,7,7.091486514,33,0.004592748,0.100128121,0.199912856,0.050138881,0
62,0.802716331,12,3.03370204,30,0.005692162,0.1002659,0.200582836,0.050040152,0
21,0.643414709,7,3.655943916,31,0.004812598,0.100393693,0.200245327,0.050535335,0
11,0.586435241,4,9.238779122,13,0.004774689,0.099560942,0.199668423,0.050101926,1
50,0.669301263,16,7.512495695,24,0.005517432,0.100421893,0.200345058,0.050340655,0
17,0.475821651,8,10.78062222,38,0.004289902,0.099683976,0.200718315,0.05005448,0
44,0.691255267,13,7.87978631,27,0.005410727,0.099722919,0.200268188,0.049390283,0
46,0.82470676,8,3.45095502,17,0.005022808,0.100078516,0.200399351,0.049642276,0
13,0.692843923,3,5.434294557,27,0.005232401,0.099142384,0.199896937,0.049704537,0
54,0.916597524,4,8.694442449,21,0.005223015,0.100070248,0.200595824,0.049925214,1
31,0.949193712,1,9.130997489,30,0.004686009,0.100392712,0.199651586,0.050623524,0
70,0.903077338,6,9.565325896,28,0.005525592,0.09934163,0.200203126,0.050108723,1
9,0.777676909,2,3.85442766,32,0.004724931,0.100435604,0.201541704,0.049968264,0
33,0.471038487,17,3.396909502,18,0.005204425,0.099720485,0.200323329,0.050371567,1
41,0.665556301,13,6.430592441,24,0.005618862,0.100082745,0.199747573,0.049564435,0
42,0.732955377,11,11.32022055,36,0.005689451,0.09977857,0.199746025,0.049853091,0
12,0.642735882,4,4.918395038,17,0.004866437,0.100229167,0.199957195,0.049808801,0
69,0.733259343,18,8.364915672,19,0.005231568,0.100409979,0.200510747,0.050119412,0
21,0.943208096,1,8.365183417,29,0.004820256,0.100258804,0.200087467,0.050268751,1
75,0.552506816,33,9.282318249,30,0.006251898,0.099998408,0.199610883,0.050141446,0
49,0.967403047,1,11.99332076,24,0.005390063,0.099809658,0.199609822,0.050146195,0
8,0.856167171,1,11.68571927,25,0.005042029,0.099972279,0.20009123,0.049891667,0
40,0.782186017,8,5.216182498,32,0.005156281,0.100262389,0.200025437,0.050096228,0
74,0.664366013,24,1,34,0.005203553,0.100276107,0.200272986,0.049748049,0
35,0.645125959,12,4.964411994,19,0.005218372,0.100220331,0.200550494,0.050202242,0
23,0.554853874,10,7.227016882,30,0.004880001,0.099486969,0.201636416,0.049849819,0
65,0.956011858,2,5.915064167,40,0.004802836,0.099990791,0.19912278,0.049663547,0
58,0.934513387,3,12.90369683,27,0.004924073,0.099746628,0.200412117,0.050011346,0
43,0.581245845,18,7.056340913,19,0.004430154,0.100265972,0.200058985,0.049426065,1
78,0.683684641,24,8.961135641,18,0.005359137,0.099694011,0.198893254,0.050442311,1
23,0.801977372,4,7.651642929,26,0.004599147,0.100180822,0.200749718,0.05023913,0
43,0.714058903,12,5.96010045,36,0.004470025,0.099887125,0.200252704,0.050101091,0
71,0.519759029,34,1.225564966,27,0.004992823,0.099248362,0.200479884,0.049512895,1
49,0.671067269,16,6.764147084,29,0.004934939,0.100372384,0.198980349,0.049789943,1
17,0.984124116,0,16.76394188,20,0.005124817,0.099989885,0.19986775,0.050012168,1
62,0.679202569,19,3.2666248,35,0.004715897,0.100510391,0.199352482,0.049921069,1
24,0.73038392,6,1.555380867,18,0.004803729,0.099333876,0.201297861,0.049493431,0
76,0.612578709,29,12.80916791,23,0.00534606,0.099883391,0.20068673,0.049605071,1
65,0.820531558,11,9.22624891,33,0.005315609,0.099913438,0.199591419,0.049915072,0
43,0.763818216,10,7.562259642,12,0.005294763,0.100108083,0.199078017,0.049615013,1
5,0.660957631,1,11.08802159,29,0.005016984,0.099469925,0.200116433,0.050411416,0
7,0.593441353,2,4.505494171,19,0.005084461,0.100217615,0.200655453,0.050148362,1
66,0.918545205,5,6.680215717,28,0.005115219,0.100764665,0.198958968,0.049758961,1
67,0.557334791,29,9.865462351,25,0.004671979,0.100189815,0.199440935,0.050350746,0
29,0.810457883,5,13.3310631,44,0.005737023,0.100037149,0.199336649,0.050290312,1
60,0.491534491,30,3.494367056,24,0.005665794,0.099449017,0.200520168,0.050086688,0
37,0.834865402,6,10.84220338,42,0.005397123,0.099690302,0.199778103,0.049988124,0
42,0.866435866,5,8.145517183,32,0.004787069,0.099977662,0.199803238,0.049910458,1
10,0.881374045,1,7.489183202,21,0.005269572,0.099788089,0.200104793,0.049838018,1
62,0.730654984,16,6.976812333,30,0.005489185,0.100410503,0.199473032,0.049598962,0
48,0.940080433,2,2.846060138,25,0.004388402,0.100213481,0.199133788,0.050458499,1
49,1,0,9.889266995,29,0.005847256,0.101076951,0.200821811,0.049843846,0
36,0.711405224,10,4.653192939,22,0.004130306,0.099607657,0.200877491,0.05000846,1
49,0.695879396,14,3.760927892,41,0.005352303,0.100013246,0.200107749,0.049726926,0
65,0.767901271,15,9.656376877,35,0.005726641,0.099446603,0.200151293,0.049922165,0
51,0.692678382,15,9.367402075,28,0.004943468,0.099111024,0.200756608,0.050855233,0
25,0.675135576,8,7.237000251,41,0.004924768,0.100289088,0.200093992,0.049782201,1
79,0.685591375,24,10.23863086,28,0.00533383,0.100198646,0.199748553,0.050434579,1
40,0.955890721,1,11.27780974,36,0.005925941,0.099658164,0.200023603,0.049991658,1
23,0.842625839,3,10.92467223,28,0.004859466,0.100037212,0.200835901,0.050203982,1
24,0.692286465,7,5.41516308,31,0.004609522,0.099748293,0.200031993,0.050373374,0
61,0.455384997,33,10.04231479,27,0.004788112,0.099802317,0.19959837,0.05008168,0
22,0.564664261,9,7.634922933,28,0.004223743,0.099871886,0.200088201,0.049894488,0
51,0.81041149,9,12.17772331,29,0.005448879,0.099641374,0.200393734,0.049944173,0
53,0.495413287,26,6.628814991,22,0.004742958,0.09971334,0.200321752,0.049954271,0
18,0.785159223,3,5.930585088,24,0.00489583,0.099724626,0.200331694,0.050559311,0
19,0.622132353,7,5.158609369,26,0.005454811,0.100169152,0.199503993,0.049554762,1
35,0.761016693,8,7.567863683,29,0.004811545,0.098890312,0.200462062,0.049468782,1
5,0.757662756,1,8.400176403,27,0.005379545,0.099908948,0.20001708,0.049488784,0
58,0.764470792,13,8.457886849,37,0.004480956,0.099564927,0.199572925,0.049731821,1
7,0.702669378,2,8.047517621,34,0.00547936,0.099579379,0.200457291,0.050210025,0
20,0.698725725,6,9.013111038,26,0.005170953,0.099789739,0.199727817,0.050228426,0
61,0.66350515,20,6.332374492,39,0.00495571,0.099994264,0.199055422,0.049817749,0
79,0.808067078,15,4.382454053,42,0.005065447,0.099914235,0.199399639,0.049991453,0
16,0.846623121,2,4.120516009,12,0.004356619,0.099574376,0.199891018,0.04966511,0
78,0.603723297,30,9.925153286,35,0.005054,0.100288679,0.200346981,0.049692934,0
20,0.743804583,5,8.410966932,22,0.004929165,0.099638958,0.199481558,0.05017396,0
76,0.773589849,17,1.432486687,34,0.004370284,0.099706117,0.199855603,0.050314305,0
28,0.772052536,6,10.29026028,37,0.004664462,0.100113797,0.199270036,0.049856954,1
32,0.770012354,7,12.64130544,20,0.004935377,0.100128147,0.20058922,0.050490505,1
12,0.701755823,3,4.852249448,13,0.004696354,0.09975532,0.201030399,0.050289682,1
40,0.783483651,8,8.008480139,34,0.003793943,0.098825535,0.20096557,0.050477518,1
12,0.824163445,2,5.579625719,29,0.005538194,0.099645804,0.200578988,0.049909719,1
62,0.766924399,14,8.884920776,14,0.004928955,0.100064755,0.200517506,0.050456206,1
64,0.81071278,12,3.501973333,48,0.003863025,0.100275443,0.198756872,0.050653863,1
54,0.868842409,7,6.785663029,32,0.006067481,0.099968281,0.200106304,0.049876245,0
32,0.527887157,15,9.943942384,33,0.005620696,0.099808406,0.199702344,0.049953749,1
45,0.863215661,6,10.70713522,38,0.004825509,0.100917284,0.20052828,0.049715684,1
68,0.791091332,14,8.279487457,23,0.004578751,0.099851006,0.198477441,0.049656735,0
31,0.616604961,11,5.98286409,29,0.005201596,0.100244893,0.200115781,0.049660235,1
67,0.846296506,10,2.222196747,17,0.005101163,0.099465979,0.199871334,0.04975656,0
21,0.702201491,6,4.727350866,23,0.005271045,0.099563933,0.200671058,0.050082421,0
77,0.718564028,21,5.592179786,31,0.00458019,0.10025893,0.200928792,0.04976924,1
37,0.689078426,11,4.90679865,14,0.005548886,0.100417825,0.199442692,0.050073249,1
33,0.786287861,7,7.178658905,22,0.004763269,0.099844113,0.199469774,0.050079454,0
17,0.655757623,5,5.974336791,20,0.005340383,0.099260546,0.200138298,0.049858963,1
50,0.858176956,7,7.516364117,29,0.00460153,0.099932977,0.201040258,0.049981209,1
39,0.73333649,10,10.6078819,32,0.006324072,0.100075762,0.200036087,0.049841626,1
10,0.706295702,2,5.780613336,33,0.005347762,0.100039527,0.199232503,0.049906778,1
73,0.840345081,11,2.851399068,35,0.006442116,0.099774644,0.199636479,0.049757341,1
51,0.711653189,14,4.894877206,38,0.005413801,0.099938846,0.200121598,0.050025231,1
29,0.863781219,3,8.75076541,32,0.004719268,0.099700089,0.200144121,0.049819836,1
70,0.867551154,9,9.033831355,43,0.00541469,0.099555265,0.199577547,0.04965018,0
14,0.589823539,5,8.218255591,28,0.005450289,0.100302267,0.199624526,0.050178029,0
60,0.883111224,7,10.90221192,26,0.005186662,0.100039119,0.199411059,0.050188187,0
34,0.574555683,14,6.44091079,32,0.005315196,0.099939727,0.200684703,0.05033351,0
9,0.890589663,0,13.15649844,26,0.005380864,0.099797141,0.199499135,0.049692681,0
37,0.993402863,0,9.454561408,42,0.004503159,0.099927931,0.199721123,0.049855722,0
69,0.854980133,10,1,37,0.004467571,0.100064127,0.199704048,0.050069149,0
22,0.491162323,11,12.40197589,34,0.004602892,0.100691473,0.199036426,0.049849388,0
53,0.877627886,6,4.69904017,29,0.005063771,0.100261815,0.199481951,0.050171274,0
15,1,0,3.897696432,24,0.004888414,0.099733476,0.200736883,0.05014938,1
30,0.713636203,8,8.571313329,33,0.004512215,0.099737695,0.199274427,0.050143789,0
67,0.745835602,17,1.785458583,18,0.005387657,0.099675328,0.199421815,0.0504379,0
63,0.607381593,24,4.913592306,40,0.005141522,0.099919792,0.199200473,0.050193223,1
31,0.78744953,6,11.67129562,26,0.005084464,0.099675019,0.199945633,0.050046167,0
53,0.902301262,5,8.668652737,30,0.004871005,0.100189929,0.201131286,0.049941939,1
37,0.833728455,6,9.436719343,20,0.004810886,0.098942593,0.199920383,0.049962841,0
5,1,0,5.029268199,33,0.004579334,0.100214067,0.200040057,0.049680737,0
25,0.753963245,6,2.384890003,24,0.00546687,0.100110151,0.199522732,0.049470287,0
59,0.554319196,26,9.120452288,33,0.004648254,0.100505097,0.199963029,0.050139127,1
10,0.770516517,2,9.790768469,34,0.005104695,0.100350716,0.20073743,0.05036709,0
73,0.460025788,39,9.654980158,22,0.005831005,0.099726521,0.200085746,0.049900966,0
9,0.686027529,2,7.62720769,19,0.004833871,0.100305719,0.201279062,0.050476128,0
7,0.944925847,0,4.09879527,40,0.005480351,0.099932773,0.200755688,0.049947046,1
57,0.789016038,12,14.31330876,26,0.005284355,0.099226277,0.19994821,0.049413868,1
27,0.771530018,6,8.439362329,29,0.005155734,0.100063533,0.199936527,0.050275475,1
57,0.968493645,1,6.478340075,31,0.005215174,0.099750299,0.200978554,0.049856214,0
41,0.717528013,11,6.491652288,17,0.004952547,0.100000089,0.200082395,0.050302634,0
78,0.90141845,7,7.448792434,31,0.005017388,0.10066058,0.200845353,0.049616742,1
78,0.765516837,18,10.20882479,28,0.004725943,0.100089915,0.201201744,0.050123613,0
21,0.795605696,4,7.56888437,22,0.005020729,0.099593066,0.199877468,0.049759862,1
77,0.603923417,30,9.57553946,18,0.004707387,0.100385766,0.200211173,0.050060421,0
5,0.692154385,1,7.454193064,32,0.005502828,0.100145017,0.200588003,0.050229982,1
55,0.582297812,22,6.662938326,37,0.004150251,0.099545935,0.2004605,0.05016032,0
49,0.738570591,12,8.92375118,29,0.005240527,0.099357505,0.200456294,0.05002081,1
8,0.796848281,1,8.809858101,16,0.005168293,0.099609065,0.199199916,0.049586462,0
66,0.616795427,25,6.491097643,19,0.005123008,0.100334521,0.19949095,0.050219103,1
69,0.995901471,0,4.752379127,24,0.005512249,0.099879359,0.19970284,0.050309429,0
36,0.783372722,7,8.025186744,40,0.004856938,0.100032457,0.200728652,0.049687101,1
38,0.75693547,9,7.235046007,26,0.005127717,0.099464588,0.199258775,0.049731191,1
76,0.84235893,11,5.335384862,24,0.004141729,0.100345288,0.200913936,0.050322067,1
43,0.65052863,15,4.472798552,14,0.004792342,0.099193927,0.2004679,0.049937468,0
30,0.769617298,6,8.231427532,22,0.005427868,0.099737849,0.200692538,0.049738966,1
38,0.663976054,12,8.650285171,18,0.004330419,0.100167386,0.19944228,0.050081766,0
58,0.937041589,3,5.919903656,19,0.005079872,0.099550947,0.200043381,0.049808443,1
7,0.622963278,2,5.260188892,28,0.004661241,0.100245652,0.200179366,0.050048313,1
54,0.757579855,13,4.509234433,24,0.004944507,0.099652322,0.20015298,0.049876038,0
16,0.789517894,3,8.146764817,41,0.004691161,0.099509572,0.200177394,0.049901747,1
69,0.797379089,13,4.588068779,36,0.004376402,0.100514593,0.199834084,0.050333119,0
58,0.680251779,18,13.72340371,23,0.005193002,0.100061572,0.200081124,0.049259443,1
9,0.642538872,3,5.769155692,20,0.004975202,0.100207614,0.200620138,0.050166425,0
61,0.681984579,19,1,39,0.005306315,0.100407284,0.199300093,0.050283635,1
21,0.813399052,3,6.909485,41,0.005397219,0.09895228,0.20092823,0.049813402,1
51,0.732738507,13,6.780899561,12,0.005612629,0.100253913,0.200589139,0.05028133,1
27,0.845545057,4,10.3351557,28,0.005066743,0.09969559,0.199420879,0.049712293,0
18,0.807240446,3,7.86437871,25,0.005634311,0.099748291,0.200230302,0.049802005,1
70,0.476770476,36,4.49849445,33,0.004512113,0.100174976,0.200540899,0.04976745,1
79,0.779699736,17,6.14082438,43,0.00545448,0.099854784,0.199258824,0.050285388,1
55,1,0,7.982259315,24,0.005229695,0.100237808,0.200025187,0.049476516,1
42,0.909032286,3,1,12,0.005116546,0.099983663,0.199952891,0.050492044,0
68,0.800641579,13,11.0158652,32,0.005222366,0.100067284,0.199612652,0.049908518,1
42,0.622872944,15,4.506490343,39,0.004519631,0.099803911,0.200055414,0.050184474,1
54,0.807306446,10,11.25113146,25,0.004401627,0.099574027,0.199639828,0.050158612,0
34,0.838769993,5,8.177395423,22,0.005854914,0.099703873,0.200824584,0.05004537,0
55,0.719550398,15,8.888782409,24,0.004915639,0.09995887,0.199624013,0.049819794,0
67,0.788009047,14,10.44827031,34,0.004908503,0.100734895,0.200475187,0.050372712,1
56,0.931159495,3,8.719396158,24,0.004448845,0.100588763,0.199006768,0.049845545,1
42,0.64712707,14,9.018658649,30,0.004259111,0.099738682,0.199902914,0.049780625,1
34,0.623004047,12,6.506750679,28,0.004955841,0.100024103,0.200007387,0.050263313,0
55,0.833123919,9,8.116506044,27,0.004829206,0.099884911,0.199883425,0.050043725,0
9,0.804905116,1,5.237506555,33,0.005000867,0.100052107,0.199762209,0.050407346,1
33,0.873460595,4,5.969766701,24,0.005043577,0.100103565,0.199599491,0.0499812,1
8,0.818375257,1,12.89408514,24,0.006244731,0.100211006,0.200452724,0.049804737,1
14,0.681869392,4,4.575419245,34,0.00483071,0.098839544,0.200599675,0.050082423,0
60,0.801863118,11,7.46295138,20,0.00578997,0.100146599,0.199950703,0.049865715,1
21,0.612944815,8,7.34040711,20,0.005821012,0.099840432,0.199342017,0.049813423,0
78,0.719961755,21,6.067736585,17,0.005376812,0.099718025,0.20107637,0.050249566,1
21,0.810335908,3,8.54320281,34,0.004882437,0.100317703,0.199472122,0.050549467,1
73,0.706738294,21,8.769166278,27,0.004319264,0.10058673,0.199124347,0.049926061,0
38,1,0,4.222542451,17,0.005238972,0.100275601,0.198792427,0.049707578,1
10,0.52293789,4,7.304070135,34,0.005509406,0.099792579,0.200059671,0.049953963,1
57,0.684301157,17,3.752897984,23,0.005873844,0.099569598,0.19986955,0.05015444,1
70,0.63746642,25,9.365645855,21,0.004525021,0.098797502,0.200618574,0.050077244,0
47,0.665958143,15,7.529461931,26,0.004878237,0.100073006,0.200366651,0.05035827,1
79,0.672840213,25,7.24698966,39,0.004528068,0.100231606,0.200174121,0.050199527,1
27,0.590829518,11,8.977094047,24,0.004683261,0.099959255,0.19983718,0.049668977,0
59,0.840324258,9,6.173469129,32,0.005332194,0.100373498,0.200665986,0.049852004,1
79,0.684348564,24,9.742065878,33,0.004660348,0.099471924,0.201120434,0.04958575,0
20,0.7696288,4,4.154665382,31,0.004587864,0.099931504,0.200605388,0.050343404,0
12,0.697820909,3,11.23562956,38,0.005398498,0.09989988,0.199721881,0.049402434,0
8,0.667094351,2,5.347266452,22,0.005225369,0.099955957,0.200468939,0.049615,0
8,0.950673508,0,1.911462797,19,0.005175006,0.100467173,0.199758746,0.049846459,0
60,0.860751862,8,6.014395275,19,0.004673556,0.099958063,0.19933696,0.050169175,0
29,0.525815952,13,5.674095408,26,0.005646512,0.099882083,0.199460577,0.049843504,0
71,0.513103506,34,5.991778042,20,0.005007245,0.099625323,0.199785093,0.049890431,1
71,0.87511306,8,7.694944046,29,0.006190095,0.100531432,0.200062376,0.049896342,1
31,0.687617593,9,10.29352708,28,0.005080583,0.099427522,0.201236349,0.050051835,1
36,0.55211012,16,6.424882258,36,0.003833326,0.0997788,0.199470986,0.049633847,1
54,0.875488216,6,4.925147291,30,0.003811062,0.100677575,0.200794093,0.049715847,1
65,0.770294886,14,3.620359563,24,0.005311975,0.100187297,0.199809644,0.050504277,1
55,0.78018853,12,5.595451626,31,0.005650247,0.099991929,0.198790169,0.05012072,0
23,0.847144713,3,1.336525482,19,0.004608086,0.100008677,0.199696564,0.050228235,0
25,0.592802741,10,4.824600719,27,0.006050489,0.099621449,0.200706018,0.050017409,1
9,0.554219901,4,10.73216169,30,0.005831499,0.099972589,0.200206802,0.049957916,1
46,0.939714515,2,4.529922386,29,0.005105273,0.099860054,0.200242671,0.050137139,1
65,0.577539989,27,8.886147582,31,0.005269727,0.100071851,0.200797102,0.050218284,1
26,0.603331464,10,3.320553731,22,0.005447265,0.099397503,0.199378198,0.050253823,1
25,0.627307754,9,12.3132877,37,0.005944997,0.100159141,0.19936895,0.049962032,0
74,0.999593511,0,12.5128202,42,0.005341068,0.100406652,0.198641763,0.050286613,0
5,0.809205996,0,8.77306467,15,0.005093966,0.099918471,0.200526249,0.049260135,1
9,0.865848957,1,12.9737578,18,0.005336151,0.100258839,0.200337491,0.050267686,0
16,0.773540105,3,8.067378925,28,0.00526868,0.100124139,0.20043438,0.049871928,0
50,0.677773535,16,9.305551342,25,0.005462205,0.099756904,0.199290193,0.050166015,0
38,0.825754954,6,10.78580163,43,0.004214988,0.09957659,0.199037451,0.049805202,1
53,0.563206084,23,7.539155359,29,0.005157927,0.099632645,0.199208229,0.049601992,1
49,0.618565986,18,2.342867615,39,0.00523022,0.100117157,0.199446457,0.050101911,0
31,0.837957022,5,9.366890066,12,0.004963576,0.099977542,0.200932375,0.049549541,1
77,0.587129372,31,5.584421217,34,0.005392083,0.100510037,0.200600076,0.049880097,1
30,0.727310224,8,5.807410537,22,0.005960584,0.100316348,0.199725068,0.049756271,0
51,0.732778519,13,7.893684749,22,0.005069109,0.100315514,0.200179551,0.04994749,0
60,0.68656056,18,8.698842639,26,0.005345861,0.100105232,0.199592983,0.050239163,0
67,0.515865783,32,7.450403902,16,0.005803132,0.09961512,0.200218568,0.049853046,0
52,0.674528533,16,8.907188608,31,0.005080782,0.100130136,0.199317143,0.050094373,0
65,0.651003795,22,4.879428598,29,0.004555768,0.100025541,0.200450151,0.050221804,0
30,0.769372784,6,6.871888616,30,0.005307889,0.099544647,0.199490178,0.049817823,0
40,0.763258865,9,9.547256351,35,0.003899167,0.10048398,0.200483549,0.049822174,0
5,0.795355375,1,12.31837353,40,0.003850816,0.100440916,0.199743546,0.050410799,0
12,0.668881647,3,13.37930677,25,0.005166506,0.09954234,0.199525954,0.049976183,1
56,0.812733354,10,8.298930048,31,0.003827515,0.099744882,0.200967798,0.050152742,1
51,0.563279192,22,9.52002948,30,0.004342416,0.09978002,0.200106168,0.050150468,0
60,0.531371432,28,12.94473749,31,0.004809951,0.100243941,0.199806691,0.049640604,0
18,0.469731273,9,4.98749189,31,0.004639292,0.10019789,0.200454907,0.049771737,0
32,0.690084331,9,8.889099558,40,0.004926097,0.100017763,0.199196005,0.050112604,0
6,0.659604213,2,9.305028848,24,0.005556435,0.100109543,0.200664118,0.049379806,1
30,0.844717873,4,11.34358431,15,0.00511924,0.099484947,0.199916333,0.049936611,1
18,0.67216049,5,3.588575858,22,0.00458034,0.100152545,0.200360473,0.049740415,1
63,0.782805162,13,4.181782649,34,0.005677221,0.099959646,0.199071276,0.050333152,1
60,0.847595589,9,7.064146633,28,0.004285571,0.099728383,0.199770544,0.050103835,0
11,0.667641711,3,8.133182987,24,0.005110942,0.099386997,0.200002748,0.050357374,1
7,0.785766265,1,10.36859186,19,0.004229957,0.100010784,0.20061818,0.049988263,0
27,0.870231306,3,8.552631327,29,0.005126159,0.100142784,0.200408247,0.049965833,0
22,0.601420467,8,6.54576031,33,0.004840686,0.099319007,0.199764514,0.049908521,0
42,0.752982281,10,8.249384334,30,0.005541119,0.100007394,0.200190769,0.049849079,1
19,0.668155874,6,7.903133429,25,0.005360345,0.100048896,0.200753941,0.050805397,1
68,0.609061214,26,12.23504929,29,0.00470643,0.099778308,0.199880007,0.050242151,1
32,0.565625791,13,7.496976831,29,0.00461053,0.100151935,0.199814681,0.049680143,0
78,0.607122171,30,5.850749759,29,0.004842452,0.099946935,0.198866177,0.050791793,0
43,0.757203481,10,8.34882709,18,0.005937786,0.100113268,0.199832557,0.049878506,0
61,0.556698665,27,7.595455958,29,0.005809534,0.100213699,0.198956224,0.050096346,0
21,0.683912757,6,2.287019933,24,0.004515866,0.100213923,0.199931399,0.050281879,0
48,0.847583329,7,6.953043815,36,0.005400113,0.100406728,0.200592881,0.049538614,0
29,0.803881316,5,6.697785264,29,0.004134284,0.10013533,0.198728216,0.049751802,0
21,0.686339085,6,5.368384403,34,0.004776329,0.099809184,0.200740525,0.050494449,0
17,0.95276285,0,10.10674986,25,0.004536218,0.099740884,0.199801866,0.049932551,1
29,0.97716437,0,4.64296121,25,0.00553464,0.099574676,0.199983701,0.050299601,1
72,0.753134692,17,8.366855859,39,0.004354641,0.100060472,0.199698548,0.049863959,1
14,0.45377485,7,6.556429,31,0.005214675,0.100528525,0.198972058,0.049971482,1
71,0.856373784,10,7.323085017,22,0.005000355,0.099856619,0.199530206,0.050535577,1
22,0.474722839,11,8.235358873,35,0.004912276,0.100179843,0.201258446,0.050131254,0
38,0.927137533,2,3.077276848,23,0.005835791,0.099699088,0.199342373,0.049896546,0
12,0.880030188,1,7.574982675,29,0.005879849,0.100077922,0.199046875,0.049794991,0
44,0.9629055,1,13.86684247,42,0.004927804,0.100503739,0.200084775,0.049822437,0
46,0.781231867,10,2.329709962,16,0.004827042,0.100274499,0.199948534,0.050372468,0
45,0.706633708,13,6.827176109,26,0.004246563,0.099371675,0.199806002,0.050229649,0
10,0.695987864,3,10.36971797,31,0.004997871,0.100228278,0.200008669,0.049655397,0
56,0.684448779,17,7.904857744,34,0.005976652,0.10024649,0.200386522,0.050026154,1
30,0.867728238,3,9.063900856,18,0.004935632,0.100069395,0.199647702,0.049979955,1
68,0.835472579,11,1,15,0.00536438,0.100267009,0.200116646,0.050094828,1
63,0.764427076,14,8.794748124,36,0.004301251,0.099666599,0.200614325,0.049818929,0
60,0.663338243,20,4.714935381,22,0.004782613,0.100025305,0.199402827,0.050329342,0
63,1,0,7.929631854,21,0.005231233,0.10044407,0.198606691,0.049999598,1
74,0.859484954,10,6.911695807,40,0.005052931,0.10040798,0.200402485,0.050112031,1
37,0.55827457,16,13.83499909,28,0.005412334,0.100219218,0.201501778,0.049764593,0
57,0.688049278,17,8.640085971,28,0.004698664,0.099646802,0.199995587,0.049779706,0
26,0.861813132,3,6.662128512,26,0.004125006,0.099583814,0.200121159,0.050797253,0
25,0.654055329,8,2.470921722,18,0.005561045,0.100045817,0.199822515,0.050540024,1
74,0.792185755,15,7.363440706,33,0.004531925,0.10007231,0.200952837,0.049979096,0
74,0.864095556,10,9.469686635,31,0.005253302,0.099959851,0.199953346,0.050459901,1
8,0.34338863,5,6.758344325,29,0.005225428,0.099678086,0.199888062,0.050363821,1
79,0.737035476,20,5.48303092,27,0.004168123,0.100174784,0.200546518,0.049812437,1
66,0.741745098,17,5.282240008,25,0.005524563,0.100044066,0.199709436,0.04978252,0
66,0.700551305,19,8.605424306,35,0.004716716,0.10011593,0.199229184,0.050200603,1
28,0.786203416,5,9.278163818,26,0.005027527,0.100237374,0.20052938,0.050078018,1
59,0.828902353,10,11.08363035,27,0.004820909,0.09989054,0.199645072,0.049879399,1
13,0.767046113,3,4.01500032,32,0.005811296,0.099804497,0.199414724,0.050216368,0
7,0.705140713,2,8.577932675,29,0.005671745,0.100443026,0.201260029,0.049567255,1
35,0.825914556,6,6.634888137,41,0.004093833,0.099697057,0.199892842,0.0500345,0
44,0.755886409,10,6.723297386,13,0.006129414,0.09981233,0.200296536,0.049628323,1
40,0.72231595,11,8.205477562,30,0.004660847,0.100493699,0.200017717,0.049638203,0
28,0.592526474,11,8.222968761,22,0.006051218,0.09978119,0.199468208,0.049787971,1
10,0.562481426,4,8.586304317,20,0.004871895,0.099960553,0.20041366,0.050108986,0
70,0.590252425,28,3.827586423,24,0.004829542,0.099835212,0.200188747,0.049797429,1
79,0.783399487,17,4.750565779,28,0.004876336,0.099286711,0.199604372,0.049634567,1
8,0.74051055,2,11.45760483,28,0.004799605,0.099950677,0.200259914,0.050143175,1
10,0.572365908,4,6.338282598,15,0.006262198,0.099595751,0.199691414,0.050447824,0
55,0.827510139,9,7.918043194,23,0.004961818,0.100101832,0.199337303,0.050191655,0
66,0.914917142,5,10.16399894,30,0.004848852,0.100442255,0.1992766,0.05054054,1
61,0.678180766,19,8.390329217,20,0.005038505,0.099114331,0.200162035,0.050422754,1
70,0.541082177,32,8.639567893,19,0.004516332,0.099837233,0.199770361,0.049853772,1
79,0.664904834,26,9.683733038,12,0.00579856,0.100180929,0.200901022,0.050189648,0
12,0.852535275,1,1,22,0.00426446,0.09912666,0.199974225,0.049972511,0
30,0.815823583,5,5.530149535,18,0.004692996,0.100534506,0.199528878,0.05031863,0
55,0.639308078,19,8.405817389,20,0.00546833,0.100151957,0.200094691,0.049972457,1
49,0.932540657,3,11.16293292,25,0.005021176,0.100433285,0.19922344,0.049763391,0
48,0.911793608,4,7.198286679,23,0.005274608,0.099774421,0.199949521,0.050412022,1
9,0.662039272,3,4.465850615,18,0.005766582,0.099822672,0.2001915,0.050095339,1
74,0.6608052,25,4.545741851,12,0.005501901,0.099935625,0.200117403,0.049800941,0
30,0.678860648,9,9.65158361,30,0.005068738,0.100855284,0.20078168,0.049850382,0
72,0.689120067,22,6.346679253,34,0.006044671,0.100527242,0.20155851,0.049799024,0
23,0.864064561,3,6.978399863,24,0.004685832,0.100052939,0.200402838,0.049699476,1
24,0.801039487,4,8.845090581,25,0.004949845,0.100101761,0.200707278,0.049856745,0
16,0.855249452,2,1,28,0.00498478,0.100253962,0.201526078,0.050111906,1
51,0.830827817,8,13.00110253,40,0.004948789,0.100956622,0.199396264,0.050019218,1
5,0.955743248,0,4.806778495,15,0.004465395,0.100153088,0.200078376,0.049868535,1
18,0.622873735,6,7.725809108,24,0.004208175,0.100018384,0.199713202,0.050448652,1
68,0.795643024,13,1.88590896,14,0.005208601,0.099864561,0.200505595,0.04939681,0
42,0.489141449,21,5.732376669,30,0.004683263,0.100093966,0.200162971,0.050091841,1
41,0.591965331,16,10.73406414,26,0.005953904,0.099765191,0.199508941,0.049957172,1
15,0.741017594,3,1.251498461,29,0.004963729,0.100198437,0.200006569,0.049708946,0
7,0.800184794,1,10.37860026,29,0.004874255,0.099426961,0.200628154,0.050109336,0
37,0.737782111,9,6.178911711,35,0.00554717,0.0998958,0.199217765,0.049934076,0
10,0.68193691,3,8.461493321,32,0.005201096,0.100293853,0.199521593,0.050374122,0
54,0.703269855,16,8.97257324,34,0.004912241,0.100147649,0.199431635,0.05026042,0
14,0.914332917,1,8.324264498,19,0.004679634,0.09981495,0.200195838,0.050571839,1
9,0.703916139,2,4.405148045,37,0.006828851,0.09990719,0.20074431,0.049855005,1
27,0.959908995,1,5.90635256,22,0.005180893,0.100414134,0.198794159,0.050418966,0
14,0.845282049,2,2.615331468,22,0.005542215,0.099515839,0.200056639,0.049650244,0
48,0.804904482,9,8.475388995,30,0.004488527,0.099518163,0.199445468,0.049966809,0
6,0.606768371,2,12.10616546,30,0.004711007,0.099628146,0.200603242,0.049860426,0
17,0.862228579,2,1.52667734,19,0.006056173,0.099995729,0.199857819,0.050180734,1
44,0.690747531,13,4.715062282,26,0.005698465,0.099457305,0.200078404,0.050173483,0
6,0.606667229,2,6.454674172,39,0.005228811,0.100381201,0.199999198,0.049729814,1
69,0.811541234,13,7.520024271,16,0.004809215,0.099630283,0.200674531,0.050197458,1
67,0.583446473,27,9.637528904,39,0.004882982,0.100089742,0.201229179,0.049885853,0
77,0.658531025,26,6.543400059,26,0.004661945,0.099768371,0.199319201,0.049754961,0
21,0.748786091,5,6.052123821,12,0.004421575,0.099973801,0.199428466,0.049996466,1
13,1,0,10.30939212,17,0.005461922,0.099358662,0.200192899,0.049556947,1
79,0.667570109,26,8.985986701,20,0.005269416,0.100400526,0.199510159,0.050279392,0
19,0.695014018,5,8.616933927,23,0.005368039,0.099615401,0.20056015,0.049983314,0
28,0.837881407,4,7.337547135,27,0.004831551,0.099573513,0.20065647,0.049989876,0
42,0.601404517,16,9.949456633,12,0.005127819,0.100951604,0.199672054,0.04997385,0
39,0.803136766,7,5.031071826,29,0.004783978,0.100221723,0.199541878,0.050494055,1
53,0.894711217,5,4.621917153,19,0.004636346,0.100384967,0.199835133,0.050455663,1
73,0.713148614,20,9.238302961,39,0.005833531,0.100183557,0.200062411,0.050405228,1
66,0.873138514,8,2.124892092,25,0.005060754,0.099819008,0.200188902,0.049974488,1
64,0.784973991,13,7.276538529,35,0.005253727,0.09947726,0.19864831,0.049665313,1
54,0.662318164,18,6.050324943,36,0.005417877,0.099880472,0.199419527,0.049995206,1
79,0.726263438,21,2.782735808,36,0.00506702,0.099608736,0.19975754,0.05009432,1
13,0.704429119,3,4.206197261,23,0.005120316,0.099632754,0.199521806,0.050243783,0
38,0.739483409,9,6.673071723,23,0.004456687,0.099366725,0.198281174,0.050093355,1
39,0.768326148,9,10.10188977,26,0.004551942,0.10004579,0.198866977,0.049692052,1
5,0.820583992,0,5.041126026,33,0.004526093,0.100629365,0.199216785,0.049839375,0
44,0.81104019,8,10.6401442,23,0.005302729,0.100223255,0.199930829,0.049812159,0
68,0.458194371,36,7.189537683,27,0.005035445,0.099957684,0.199738279,0.050161716,1
26,0.738323017,6,10.93115411,30,0.004551984,0.099983771,0.199621059,0.050169079,0
64,0.56886937,27,5.186525174,20,0.005290049,0.098780889,0.200477909,0.05020839,1
68,0.71691273,19,6.853571236,20,0.005271728,0.099830466,0.20047768,0.050090311,1
